CREATE DATABASE SQL_BAI03_1
GO 
USE SQL_BAI03_1
GO 
/****** Object:  Table [dbo].[Ketqua]    Script Date: 12/3/2020 12:51:02 AM ******/
SET ANSI_NULLS ON
GO
SET QUOTED_IDENTIFIER ON
GO
CREATE TABLE [dbo].[Ketqua](
	[MaSV] [nvarchar](3) NOT NULL,
	[MaMH] [nvarchar](2) NOT NULL,
	[Diem] [real] NULL,
 CONSTRAINT [Prk_MaSV_MAMH] PRIMARY KEY CLUSTERED 
(
	[MaSV] ASC,
	[MaMH] ASC
)WITH (PAD_INDEX = OFF, STATISTICS_NORECOMPUTE = OFF, IGNORE_DUP_KEY = OFF, ALLOW_ROW_LOCKS = ON, ALLOW_PAGE_LOCKS = ON) ON [PRIMARY]
) ON [PRIMARY]
GO
/****** Object:  Table [dbo].[Khoa]    Script Date: 12/3/2020 12:51:02 AM ******/
SET ANSI_NULLS ON
GO
SET QUOTED_IDENTIFIER ON
GO
CREATE TABLE [dbo].[Khoa](
	[MaKH] [nvarchar](2) NOT NULL,
	[TenKH] [nvarchar](50) NOT NULL,
 CONSTRAINT [Prk_KHOA_khoa] PRIMARY KEY CLUSTERED 
(
	[MaKH] ASC
)WITH (PAD_INDEX = OFF, STATISTICS_NORECOMPUTE = OFF, IGNORE_DUP_KEY = OFF, ALLOW_ROW_LOCKS = ON, ALLOW_PAGE_LOCKS = ON) ON [PRIMARY]
) ON [PRIMARY]
GO
/****** Object:  Table [dbo].[MonHoc]    Script Date: 12/3/2020 12:51:02 AM ******/
SET ANSI_NULLS ON
GO
SET QUOTED_IDENTIFIER ON
GO
CREATE TABLE [dbo].[MonHoc](
	[MaMH] [nvarchar](2) NOT NULL,
	[TenMH] [nvarchar](50) NOT NULL,
	[Sotiet] [tinyint] NULL,
 CONSTRAINT [Prk_MONHOC_MaMH] PRIMARY KEY CLUSTERED 
(
	[MaMH] ASC
)WITH (PAD_INDEX = OFF, STATISTICS_NORECOMPUTE = OFF, IGNORE_DUP_KEY = OFF, ALLOW_ROW_LOCKS = ON, ALLOW_PAGE_LOCKS = ON) ON [PRIMARY]
) ON [PRIMARY]
GO
/****** Object:  Table [dbo].[SinhVien]    Script Date: 12/3/2020 12:51:02 AM ******/
SET ANSI_NULLS ON
GO
SET QUOTED_IDENTIFIER ON
GO
CREATE TABLE [dbo].[SinhVien](
	[MaSV] [nvarchar](3) NOT NULL,
	[HoSV] [nvarchar](15) NOT NULL,
	[TenSV] [nvarchar](7) NOT NULL,
	[Phai] [bit] NOT NULL,
	[NgaySinh] [smalldatetime] NOT NULL,
	[NoiSinh] [nvarchar](100) NOT NULL,
	[MaKH] [nvarchar](2) NOT NULL,
	[HocBong] [float] NULL,
	[DiemTrungBinh] [float] NULL,
 CONSTRAINT [Prk_SINHVIEN_MaSV] PRIMARY KEY CLUSTERED 
(
	[MaSV] ASC
)WITH (PAD_INDEX = OFF, STATISTICS_NORECOMPUTE = OFF, IGNORE_DUP_KEY = OFF, ALLOW_ROW_LOCKS = ON, ALLOW_PAGE_LOCKS = ON) ON [PRIMARY]
) ON [PRIMARY]
GO
INSERT [dbo].[Ketqua] ([MaSV], [MaMH], [Diem]) VALUES (N'A01', N'01', 3)
INSERT [dbo].[Ketqua] ([MaSV], [MaMH], [Diem]) VALUES (N'A01', N'02', 6)
INSERT [dbo].[Ketqua] ([MaSV], [MaMH], [Diem]) VALUES (N'A01', N'03', 5)
INSERT [dbo].[Ketqua] ([MaSV], [MaMH], [Diem]) VALUES (N'A01', N'04', 8)
INSERT [dbo].[Ketqua] ([MaSV], [MaMH], [Diem]) VALUES (N'A01', N'05', 3.9)
INSERT [dbo].[Ketqua] ([MaSV], [MaMH], [Diem]) VALUES (N'A02', N'01', 4.5)
INSERT [dbo].[Ketqua] ([MaSV], [MaMH], [Diem]) VALUES (N'A02', N'03', 7)
INSERT [dbo].[Ketqua] ([MaSV], [MaMH], [Diem]) VALUES (N'A02', N'05', 8)
INSERT [dbo].[Ketqua] ([MaSV], [MaMH], [Diem]) VALUES (N'A02', N'06', 8)
INSERT [dbo].[Ketqua] ([MaSV], [MaMH], [Diem]) VALUES (N'A02', N'08', 6)
INSERT [dbo].[Ketqua] ([MaSV], [MaMH], [Diem]) VALUES (N'A03', N'01', 2)
INSERT [dbo].[Ketqua] ([MaSV], [MaMH], [Diem]) VALUES (N'A03', N'03', 2.5)
INSERT [dbo].[Ketqua] ([MaSV], [MaMH], [Diem]) VALUES (N'A03', N'04', 9)
INSERT [dbo].[Ketqua] ([MaSV], [MaMH], [Diem]) VALUES (N'A04', N'02', 9)
INSERT [dbo].[Ketqua] ([MaSV], [MaMH], [Diem]) VALUES (N'A04', N'03', 10)
INSERT [dbo].[Ketqua] ([MaSV], [MaMH], [Diem]) VALUES (N'A04', N'04', 6)
INSERT [dbo].[Ketqua] ([MaSV], [MaMH], [Diem]) VALUES (N'A04', N'06', 8)
INSERT [dbo].[Ketqua] ([MaSV], [MaMH], [Diem]) VALUES (N'A04', N'08', 9)
INSERT [dbo].[Ketqua] ([MaSV], [MaMH], [Diem]) VALUES (N'B01', N'01', 7)
INSERT [dbo].[Ketqua] ([MaSV], [MaMH], [Diem]) VALUES (N'B01', N'03', 2.5)
INSERT [dbo].[Ketqua] ([MaSV], [MaMH], [Diem]) VALUES (N'B01', N'04', 4)
INSERT [dbo].[Ketqua] ([MaSV], [MaMH], [Diem]) VALUES (N'B02', N'02', 6)
INSERT [dbo].[Ketqua] ([MaSV], [MaMH], [Diem]) VALUES (N'B02', N'03', 7)
INSERT [dbo].[Ketqua] ([MaSV], [MaMH], [Diem]) VALUES (N'B02', N'04', 10)
INSERT [dbo].[Ketqua] ([MaSV], [MaMH], [Diem]) VALUES (N'B02', N'06', 8)
INSERT [dbo].[Ketqua] ([MaSV], [MaMH], [Diem]) VALUES (N'B02', N'08', 7)
INSERT [dbo].[Ketqua] ([MaSV], [MaMH], [Diem]) VALUES (N'B04', N'01', 8)
INSERT [dbo].[Ketqua] ([MaSV], [MaMH], [Diem]) VALUES (N'B04', N'03', 7)
INSERT [dbo].[Ketqua] ([MaSV], [MaMH], [Diem]) VALUES (N'B04', N'04', 9)
INSERT [dbo].[Ketqua] ([MaSV], [MaMH], [Diem]) VALUES (N'C01', N'01', 3)
INSERT [dbo].[Ketqua] ([MaSV], [MaMH], [Diem]) VALUES (N'C01', N'03', 2)
INSERT [dbo].[Ketqua] ([MaSV], [MaMH], [Diem]) VALUES (N'C01', N'04', 7)
INSERT [dbo].[Ketqua] ([MaSV], [MaMH], [Diem]) VALUES (N'C01', N'05', 5)
INSERT [dbo].[Ketqua] ([MaSV], [MaMH], [Diem]) VALUES (N'C01', N'06', 6)
INSERT [dbo].[Khoa] ([MaKH], [TenKH]) VALUES (N'AV', N'Anh Văn')
INSERT [dbo].[Khoa] ([MaKH], [TenKH]) VALUES (N'DT', N'Điện tử')
INSERT [dbo].[Khoa] ([MaKH], [TenKH]) VALUES (N'KT', N'Kế toán')
INSERT [dbo].[Khoa] ([MaKH], [TenKH]) VALUES (N'TH', N'Tin học')
INSERT [dbo].[Khoa] ([MaKH], [TenKH]) VALUES (N'TR', N'Triết')
INSERT [dbo].[MonHoc] ([MaMH], [TenMH], [Sotiet]) VALUES (N'01', N'Cơ sở dữ liệu', 45)
INSERT [dbo].[MonHoc] ([MaMH], [TenMH], [Sotiet]) VALUES (N'02', N'Trí tuệ nhân tạo', 45)
INSERT [dbo].[MonHoc] ([MaMH], [TenMH], [Sotiet]) VALUES (N'03', N'Toán rời rạc ứng dụng', 45)
INSERT [dbo].[MonHoc] ([MaMH], [TenMH], [Sotiet]) VALUES (N'04', N'Đồ họa ứng dụng', 60)
INSERT [dbo].[MonHoc] ([MaMH], [TenMH], [Sotiet]) VALUES (N'05', N'Tiếng Anh cơ bản', 60)
INSERT [dbo].[MonHoc] ([MaMH], [TenMH], [Sotiet]) VALUES (N'06', N'Tin học văn phòng', 60)
INSERT [dbo].[MonHoc] ([MaMH], [TenMH], [Sotiet]) VALUES (N'07', N'Pháp luật đại cương', 30)
INSERT [dbo].[MonHoc] ([MaMH], [TenMH], [Sotiet]) VALUES (N'08', N'Anh chuyên Ngành', 45)
INSERT [dbo].[MonHoc] ([MaMH], [TenMH], [Sotiet]) VALUES (N'09', N'PTTK Hệ thống', 60)
INSERT [dbo].[SinhVien] ([MaSV], [HoSV], [TenSV], [Phai], [NgaySinh], [NoiSinh], [MaKH], [HocBong], [DiemTrungBinh]) VALUES (N'A01', N'Nguyễn Thị', N'Vân', 0, CAST(N'1986-02-23T00:00:00' AS SmallDateTime), N'Hà Giang', N'KT', 130000, 5.1800000190734865)
INSERT [dbo].[SinhVien] ([MaSV], [HoSV], [TenSV], [Phai], [NgaySinh], [NoiSinh], [MaKH], [HocBong], [DiemTrungBinh]) VALUES (N'A02', N'Trần Văn', N'Chính', 0, CAST(N'1994-12-20T00:00:00' AS SmallDateTime), N'Bình Định', N'TH', 150000, NULL)
INSERT [dbo].[SinhVien] ([MaSV], [HoSV], [TenSV], [Phai], [NgaySinh], [NoiSinh], [MaKH], [HocBong], [DiemTrungBinh]) VALUES (N'A03', N'Lê Thu Bạch', N'Yến', 1, CAST(N'1993-02-21T00:00:00' AS SmallDateTime), N'Tp. HCM', N'TH', 0, NULL)
INSERT [dbo].[SinhVien] ([MaSV], [HoSV], [TenSV], [Phai], [NgaySinh], [NoiSinh], [MaKH], [HocBong], [DiemTrungBinh]) VALUES (N'A04', N'Trần Anh', N'Tuấn', 0, CAST(N'1987-12-20T00:00:00' AS SmallDateTime), N'Hà Nội', N'AV', 80000, NULL)
INSERT [dbo].[SinhVien] ([MaSV], [HoSV], [TenSV], [Phai], [NgaySinh], [NoiSinh], [MaKH], [HocBong], [DiemTrungBinh]) VALUES (N'A10', N'Trần Thị', N'Mai', 1, CAST(N'1994-10-04T00:00:00' AS SmallDateTime), N'Hà Nội', N'TH', 0, NULL)
INSERT [dbo].[SinhVien] ([MaSV], [HoSV], [TenSV], [Phai], [NgaySinh], [NoiSinh], [MaKH], [HocBong], [DiemTrungBinh]) VALUES (N'A11', N'Nguyễn Thành', N'Nam', 0, CAST(N'2000-01-01T00:00:00' AS SmallDateTime), N'Cà Mau', N'AV', NULL, NULL)
INSERT [dbo].[SinhVien] ([MaSV], [HoSV], [TenSV], [Phai], [NgaySinh], [NoiSinh], [MaKH], [HocBong], [DiemTrungBinh]) VALUES (N'A12', N'Nguyễn Quang', N'Quyền', 0, CAST(N'2001-01-01T00:00:00' AS SmallDateTime), N'Đồng Nai', N'DT', NULL, NULL)
INSERT [dbo].[SinhVien] ([MaSV], [HoSV], [TenSV], [Phai], [NgaySinh], [NoiSinh], [MaKH], [HocBong], [DiemTrungBinh]) VALUES (N'B01', N'Hoàng Thanh', N'Mai', 1, CAST(N'1992-08-12T00:00:00' AS SmallDateTime), N'Hải Phòng', N'TR', 0, NULL)
INSERT [dbo].[SinhVien] ([MaSV], [HoSV], [TenSV], [Phai], [NgaySinh], [NoiSinh], [MaKH], [HocBong], [DiemTrungBinh]) VALUES (N'B02', N'Trần Thị Thu', N'Thủy', 1, CAST(N'1990-01-02T00:00:00' AS SmallDateTime), N'Tp. HCM', N'AV', 80000, NULL)
INSERT [dbo].[SinhVien] ([MaSV], [HoSV], [TenSV], [Phai], [NgaySinh], [NoiSinh], [MaKH], [HocBong], [DiemTrungBinh]) VALUES (N'B03', N'Đố Văn', N'Lâm', 0, CAST(N'1994-02-26T00:00:00' AS SmallDateTime), N'Bình Định', N'TR', 0, NULL)
INSERT [dbo].[SinhVien] ([MaSV], [HoSV], [TenSV], [Phai], [NgaySinh], [NoiSinh], [MaKH], [HocBong], [DiemTrungBinh]) VALUES (N'B04', N'Bùi Kim', N'Dung', 0, CAST(N'1988-10-18T00:00:00' AS SmallDateTime), N'Hµ Néi', N'TH', 170000, NULL)
INSERT [dbo].[SinhVien] ([MaSV], [HoSV], [TenSV], [Phai], [NgaySinh], [NoiSinh], [MaKH], [HocBong], [DiemTrungBinh]) VALUES (N'C01', N'Hà Quang', N'Anh', 0, CAST(N'1985-03-11T00:00:00' AS SmallDateTime), N'Tp. HCM', N'TR', 0, NULL)
INSERT [dbo].[SinhVien] ([MaSV], [HoSV], [TenSV], [Phai], [NgaySinh], [NoiSinh], [MaKH], [HocBong], [DiemTrungBinh]) VALUES (N'C03', N'Lê Quang', N'Lưu', 0, CAST(N'1985-02-23T00:00:00' AS SmallDateTime), N'Hà Nội', N'TH', 0, NULL)
INSERT [dbo].[SinhVien] ([MaSV], [HoSV], [TenSV], [Phai], [NgaySinh], [NoiSinh], [MaKH], [HocBong], [DiemTrungBinh]) VALUES (N'T03', N'Hoàng Thị Hải', N'Yến', 1, CAST(N'1989-09-10T00:00:00' AS SmallDateTime), N'Hà Nội', N'AV', 170000, NULL)
INSERT [dbo].[SinhVien] ([MaSV], [HoSV], [TenSV], [Phai], [NgaySinh], [NoiSinh], [MaKH], [HocBong], [DiemTrungBinh]) VALUES (N'T06', N'Nguyễn Văn', N'Thắng', 0, CAST(N'1988-10-18T00:00:00' AS SmallDateTime), N'Hà Nội', N'AV', 1500000, NULL)
ALTER TABLE [dbo].[SinhVien] ADD  CONSTRAINT [Def_SINHVIEN_HocBong]  DEFAULT ((0)) FOR [HocBong]
GO
ALTER TABLE [dbo].[Ketqua]  WITH CHECK ADD  CONSTRAINT [Frk_KetQua_Makh] FOREIGN KEY([MaSV])
REFERENCES [dbo].[SinhVien] ([MaSV])
GO
ALTER TABLE [dbo].[Ketqua] CHECK CONSTRAINT [Frk_KetQua_Makh]
GO
ALTER TABLE [dbo].[Ketqua]  WITH CHECK ADD  CONSTRAINT [Frk_KetQua_Mamh] FOREIGN KEY([MaMH])
REFERENCES [dbo].[MonHoc] ([MaMH])
GO
ALTER TABLE [dbo].[Ketqua] CHECK CONSTRAINT [Frk_KetQua_Mamh]
GO
ALTER TABLE [dbo].[SinhVien]  WITH CHECK ADD  CONSTRAINT [Frk_SINHVIEN_Makh] FOREIGN KEY([MaKH])
REFERENCES [dbo].[Khoa] ([MaKH])
GO
ALTER TABLE [dbo].[SinhVien] CHECK CONSTRAINT [Frk_SINHVIEN_Makh]
GO


SELECT * FROM sys.all_columns
GO
SELECT * FROM sys.all_objects
GO
SELECT * FROM sys.all_views
GO

----TRUY VẤN DỮ LIỆU
/*
SELECT        5
FROM          1
WHERE         2
GROUP BY      3
HAVING        4
ORDER BY      6
*/
--1. TRUY VẤN ĐƠN GIẢN VỚI SELECT KHÔNG CÓ FROM 
--Hiển thị phiên bản sql hiện tạii
 SELECT @@VERSION
 GO
 --
 --SELECT KẾT HỢP CÙNG VỚI HÀM
 SELECT LEFT ('DEVMASTER ACADEMY',9)
 GO 
 --2.SỬ DỤNG DẤU * ĐỂ LIỆT KÊ TẤT CẢ CÁC CỘT TRONG NGUỒN DỮ LIỆU
 --HIỂN THỊ DANH SÁCH CÁC KHOA 
 SELECT* FROM KHOA
 GO 
 --3. LIỆT KÊ CÁC CỘT TỪ NGUỒN DỮ LIỆU 
 --Liệt kê các thông tin :masv, hosv, tensv từ bảng sinh viên
 SELECT MaSV,HoSV,TenSV 
 FROM SinhVien
 GO 
 --4. Sử dụng biểu thức trong mệnh đề select
 --Hiển thị thông tin như ví dụ trên,nhưng hosv,tensv,thành họ tên
 SELECT MaSV,HoSV+''+TenSV 
 FROM SinhVien
 GO  
 --Liệt kê tất cả các thông tin điểm từ bảng kết quả 
 --thêm cột điểm (DIEM) đc cộng thêm 1 điểm
 SELECT * ,Diem+1
 FROM Ketqua
GO 
--5. Đặt bí danh cho tên cột 
--liệt kê thông tin sinh viên bao gồm 
--mã sinh viên (MaSV), họ và tên (hosv,tensv)

SELECT MaSV as 'Mã sinh viên',[HỌ VÀ TÊN]=HoSV+''+TenSV  , Phai [Giới tính]
 FROM SinhVien
 GO 

 --6.Sắp xếp dữ liệu trong tập kết quả
 -- sử dụng mệnh đề Order By
 --Liệt kê thông tin sinh viên ,dữ liệu đc sắp xếp theo tên sinh viên tăng dần
 SELECT * FROM SinhVien
 GO

 SELECT * FROM SinhVien
 ORDER BY TenSV ASC
 GO 

 SELECT MaSV,HoSV,TenSV AS [Tên],Phai,NgaySinh,NoiSinh,MaKH,HocBong,DiemTrungBinh
 FROM SinhVien
 ORDER BY [Tên] 3 ASC
 GO 

 --Liệt kê thông tin sinh viên ,dữ liệu đc sắp xếp theo tên sinh viên tăng dần,nếu trùng sắp theo họ giảm dần 
 SELECT  MaSV,HoSV,TenSV AS [Tên],Phai,NgaySinh,NoiSinh,MaKH,HocBong,DiemTrungBinh
 FROM SinhVien
 ORDER BY TenSV,HoSV ASC
 GO

 --7.SỬ DỤNG TỪ KHÓA DISTINCT TRONG MỆNH ĐỀ SELECT :loại bỏ dòng trùng lặp , giữ lại 1

 --liệt kê makh trong bảng sinh viên
 SELECT MaKH
 FROM SinhVien
 GO --15 DÒNG

 SELECT  DISTINCT MaKH
 FROM SinhVien
 GO --5 DÒNG

 --8. SỬ DỤNG TỪ KHÓA TOP TRONG MỆNH ĐỀ SELECT 
 --TOP <NUM>-> Lấy ra <num>bản ghi đầu tiên(Dòng đầu tiên)
 --TOP<NUM> PERCENT :Tỉ lệ phần trăm
 --Lấy ra 1 bản ghi đầu tiên trong bảng sinh viên
 SELECT TOP 1*
 FROM SinhVien
 GO 

 --Lấy ra 10% bản ghi đầu tiên trong bảng sinh viên
  SELECT TOP 10 PERCENT *
 FROM SinhVien
 GO 

 --lẤY RA SINH VIÊN CÓ ĐIỂM TRUNG BÌNH CAO NHẤT (DimTrungBinh)

 SELECT TOP 1 WITH TIES*
 FROM SinhVien
 ORDER BY DiemTrungBinh DESC
GO

---------------
--9. Truy vấn với điều kiện where 
--where: biểu thức điều kiện (true/false)
-->so sánh số học : =; >= ; <= ; <>
--> so sánh tương đối(Chuỗi): Like / Not Like--> ký tự đại diện: _; %; []; [^]
--> so sánh tập hợp: IN /NOT IN --> ()
--> Kết hợp 2 hay nhiều điều kiện bằng phép toán logic:AND ; OR ; NOT

--ex1:Liệt kê thông tin sinh viên có điểm trung bình >=5
SELECT *
FROM SinhVien
WHERE DiemTrungBinh >= 5
GO 
--EX2: Liệt kê thông tin sinh viên có tên bắt đầu bằng T
SELECT * 
FROM SinhVien
WHERE TenSV LIKE N'T%'
GO

--ex3: Liệt kê thông tin sinh viên mà có s3 ký tự
SELECT * 
FROM SinhVien
WHERE TenSV LIKE N'___'
GO

SELECT * 
FROM SinhVien
WHERE len(TenSV)=3
GO

--ex4. Liệt kê thông tin sinh viên có họ chứa từ Văn
SELECT *
FROM SinhVien
WHERE HoSV LIKE N'%Văn%'
GO

--EX5:Liệt kê thông tin sinh viên nam có điểm trung bình >=5
SELECT * 
FROM SinhVien
WHERE Phai=1 and DiemTrungBinh >=5
GO

--ex6: Liệt kê sinh viên của khoa TH,AV
SELECT * 
FROM SinhVien
WHERE MaKH IN('TH','AV')
GO

SELECT * 
FROM SinhVien
WHERE MaKH='TH' OR MaKH='AV'
GO

--EX7:Liệt kê sinh viên sinh vào tháng 10
SELECT * ,YEAR(GETDATE())-YEAR(NgaySinh) AS Age
FROM SinhVien
WHERE MONTH(NgaySinh)= 10
GO

--10.Truy vấn trên 2 hay nhiều bảng
--JOIN:
--->INNER JOIN
--->LEFT JOIN
--->RIGHT JOIN
--->FULL JOIN

--INNER JOIN(JOIN)
--Liệt kê thông tin khoa,và sinh viên tương ứng
SELECT *
FROM KHOA AS K INNER JOIN 
        SinhVien AS S ON K.MaKH=S.MaKH
GO 

--left join:
SELECT *
FROM KHOA AS K LEFT JOIN 
        SinhVien AS S ON K.MaKH=S.MaKH
GO 

--RIGHT JOIN
SELECT *
FROM SinhVien AS S RIGHT JOIN 
       KHOA AS K  ON K.MaKH=S.MaKH
GO 









